Benchmark,Language,Energy (Joules),Time (Seconds),Input
Sorting-remove_duplicates,C,21.89,1.647,Small
Sorting-remove_duplicates,C,20.623,1.608,Small
Sorting-remove_duplicates,C,21.521,1.635,Small
Sorting-remove_duplicates,C,20.315,1.536,Small
Sorting-remove_duplicates,C,19.546,1.487,Small
Sorting-remove_duplicates,C,20.345,1.564,Small
Sorting-remove_duplicates,C,19.546,1.58,Small
Sorting-remove_duplicates,C,19.27,1.517,Small
Sorting-remove_duplicates,C,20.558,1.563,Small
Sorting-remove_duplicates,C,20.639,1.604,Small
Sorting-remove_duplicates,C,21.107,1.605,Small
Sorting-remove_duplicates,C,20.182,1.456,Small
Sorting-remove_duplicates,C,20.405,1.552,Small
Sorting-remove_duplicates,C,20.062,1.507,Small
Sorting-remove_duplicates,C,18.304,1.436,Small
Sorting-remove_duplicates,C,19.121,1.513,Small
Sorting-remove_duplicates,C,19.295,1.525,Small
Sorting-remove_duplicates,C,20.225,1.56,Small
Sorting-remove_duplicates,C,23.921,1.552,Small
Sorting-remove_duplicates,C,22.475,1.728,Small
Sorting-remove_duplicates,WASM,45.398,2.24,Small
Sorting-remove_duplicates,WASM,56.825,2.512,Small
Sorting-remove_duplicates,WASM,51.094,2.424,Small
Sorting-remove_duplicates,WASM,43.366,1.966,Small
Sorting-remove_duplicates,WASM,59.679,2.606,Small
Sorting-remove_duplicates,WASM,50.992,2.403,Small
Sorting-remove_duplicates,WASM,67.338,2.882,Small
Sorting-remove_duplicates,WASM,48.047,2.098,Small
Sorting-remove_duplicates,WASM,52.859,2.522,Small
Sorting-remove_duplicates,WASM,60.108,2.559,Small
Sorting-remove_duplicates,WASM,49.043,2.263,Small
Sorting-remove_duplicates,WASM,61.667,2.58,Small
Sorting-remove_duplicates,WASM,47.478,2.245,Small
Sorting-remove_duplicates,WASM,59.996,2.538,Small
Sorting-remove_duplicates,WASM,43.437,2.008,Small
Sorting-remove_duplicates,WASM,58.034,2.629,Small
Sorting-remove_duplicates,WASM,52.071,2.047,Small
Sorting-remove_duplicates,WASM,52.652,2.506,Small
Sorting-remove_duplicates,WASM,54.155,2.267,Small
Sorting-remove_duplicates,WASM,52.605,2.635,Small
Sorting-remove_duplicates,JS,74.38,3.328,Small
Sorting-remove_duplicates,JS,47.571,2.119,Small
Sorting-remove_duplicates,JS,66.109,2.912,Small
Sorting-remove_duplicates,JS,50.62,2.416,Small
Sorting-remove_duplicates,JS,54.484,2.398,Small
Sorting-remove_duplicates,JS,63.944,2.947,Small
Sorting-remove_duplicates,JS,41.338,1.789,Small
Sorting-remove_duplicates,JS,69.806,3.148,Small
Sorting-remove_duplicates,JS,49.228,2.21,Small
Sorting-remove_duplicates,JS,58.372,2.545,Small
Sorting-remove_duplicates,JS,52.274,2.322,Small
Sorting-remove_duplicates,JS,48.612,2.235,Small
Sorting-remove_duplicates,JS,66.042,2.843,Small
Sorting-remove_duplicates,JS,45.012,2.085,Small
Sorting-remove_duplicates,JS,70.826,3.124,Small
Sorting-remove_duplicates,JS,48.438,2.312,Small
Sorting-remove_duplicates,JS,53.403,2.259,Small
Sorting-remove_duplicates,JS,60.437,2.647,Small
Sorting-remove_duplicates,JS,50.072,2.203,Small
Sorting-remove_duplicates,JS,66.795,2.731,Small
Sorting-remove_duplicates,C,34.721,2.281,Medium
Sorting-remove_duplicates,C,41.54,2.878,Medium
Sorting-remove_duplicates,C,41.532,2.767,Medium
Sorting-remove_duplicates,C,44.41,3.011,Medium
Sorting-remove_duplicates,C,40.577,2.7,Medium
Sorting-remove_duplicates,C,41.116,2.725,Medium
Sorting-remove_duplicates,C,41.695,2.742,Medium
Sorting-remove_duplicates,C,40.465,2.694,Medium
Sorting-remove_duplicates,C,41.291,2.804,Medium
Sorting-remove_duplicates,C,44.713,3.01,Medium
Sorting-remove_duplicates,C,43.719,2.98,Medium
Sorting-remove_duplicates,C,43.682,2.915,Medium
Sorting-remove_duplicates,C,40.815,2.858,Medium
Sorting-remove_duplicates,C,42.353,2.834,Medium
Sorting-remove_duplicates,C,43.991,2.957,Medium
Sorting-remove_duplicates,C,43.825,2.925,Medium
Sorting-remove_duplicates,C,42.22,2.82,Medium
Sorting-remove_duplicates,C,40.821,2.712,Medium
Sorting-remove_duplicates,C,41.165,2.728,Medium
Sorting-remove_duplicates,C,43.923,2.928,Medium
Sorting-remove_duplicates,WASM,93.827,4.073,Medium
Sorting-remove_duplicates,WASM,99.633,4.22,Medium
Sorting-remove_duplicates,WASM,97.612,4.164,Medium
Sorting-remove_duplicates,WASM,94.228,3.819,Medium
Sorting-remove_duplicates,WASM,103.449,4.304,Medium
Sorting-remove_duplicates,WASM,91.188,3.769,Medium
Sorting-remove_duplicates,WASM,103.354,4.282,Medium
Sorting-remove_duplicates,WASM,97.988,4.08,Medium
Sorting-remove_duplicates,WASM,104.236,4.296,Medium
Sorting-remove_duplicates,WASM,95.813,4.16,Medium
Sorting-remove_duplicates,WASM,94.187,4.04,Medium
Sorting-remove_duplicates,WASM,94.467,3.851,Medium
Sorting-remove_duplicates,WASM,86.512,3.578,Medium
Sorting-remove_duplicates,WASM,93.345,4.041,Medium
Sorting-remove_duplicates,WASM,104.324,4.388,Medium
Sorting-remove_duplicates,WASM,100.782,4.4,Medium
Sorting-remove_duplicates,WASM,97.914,4.083,Medium
Sorting-remove_duplicates,WASM,96.714,4.12,Medium
Sorting-remove_duplicates,WASM,99.421,4.224,Medium
Sorting-remove_duplicates,WASM,91.775,3.819,Medium
Sorting-remove_duplicates,JS,96.57,4.257,Medium
Sorting-remove_duplicates,JS,96.612,4.133,Medium
Sorting-remove_duplicates,JS,103.863,4.411,Medium
Sorting-remove_duplicates,JS,92.052,3.897,Medium
Sorting-remove_duplicates,JS,94.857,3.849,Medium
Sorting-remove_duplicates,JS,97.367,4.051,Medium
Sorting-remove_duplicates,JS,102.683,4.318,Medium
Sorting-remove_duplicates,JS,96.19,3.98,Medium
Sorting-remove_duplicates,JS,99.436,4.155,Medium
Sorting-remove_duplicates,JS,105.656,4.395,Medium
Sorting-remove_duplicates,JS,96.615,4.004,Medium
Sorting-remove_duplicates,JS,105.528,4.514,Medium
Sorting-remove_duplicates,JS,94.337,3.926,Medium
Sorting-remove_duplicates,JS,99.092,4.336,Medium
Sorting-remove_duplicates,JS,101.569,4.328,Medium
Sorting-remove_duplicates,JS,102.535,4.227,Medium
Sorting-remove_duplicates,JS,102.46,4.141,Medium
Sorting-remove_duplicates,JS,97.626,4.061,Medium
Sorting-remove_duplicates,JS,103.879,4.43,Medium
Sorting-remove_duplicates,JS,104.832,4.408,Medium
Sorting-remove_duplicates,C,88.809,5.822,Large
Sorting-remove_duplicates,C,91.769,5.761,Large
Sorting-remove_duplicates,C,91.475,5.749,Large
Sorting-remove_duplicates,C,90.261,5.763,Large
Sorting-remove_duplicates,C,93.529,5.964,Large
Sorting-remove_duplicates,C,94.398,6.008,Large
Sorting-remove_duplicates,C,90.549,5.748,Large
Sorting-remove_duplicates,C,96.63,6.094,Large
Sorting-remove_duplicates,C,90.427,5.827,Large
Sorting-remove_duplicates,C,93.815,6.001,Large
Sorting-remove_duplicates,C,96.965,5.978,Large
Sorting-remove_duplicates,C,91.895,5.763,Large
Sorting-remove_duplicates,C,90.235,5.657,Large
Sorting-remove_duplicates,C,94.132,5.844,Large
Sorting-remove_duplicates,C,96.999,6.005,Large
Sorting-remove_duplicates,C,92.168,5.768,Large
Sorting-remove_duplicates,C,92.241,5.807,Large
Sorting-remove_duplicates,C,96.232,6.043,Large
Sorting-remove_duplicates,C,93.751,5.863,Large
Sorting-remove_duplicates,C,92.855,5.848,Large
Sorting-remove_duplicates,WASM,184.077,7.537,Large
Sorting-remove_duplicates,WASM,184.99,7.79,Large
Sorting-remove_duplicates,WASM,178.744,7.233,Large
Sorting-remove_duplicates,WASM,192.488,8.419,Large
Sorting-remove_duplicates,WASM,172.881,7.849,Large
Sorting-remove_duplicates,WASM,172.791,7.796,Large
Sorting-remove_duplicates,WASM,189.128,8.93,Large
Sorting-remove_duplicates,WASM,176.201,8.063,Large
Sorting-remove_duplicates,WASM,169.057,7.528,Large
Sorting-remove_duplicates,WASM,179.888,8.317,Large
Sorting-remove_duplicates,WASM,178.569,8.289,Large
Sorting-remove_duplicates,WASM,174.796,8.048,Large
Sorting-remove_duplicates,WASM,172.174,7.779,Large
Sorting-remove_duplicates,WASM,182.689,8.514,Large
Sorting-remove_duplicates,WASM,184.258,8.626,Large
Sorting-remove_duplicates,WASM,176.597,8.091,Large
Sorting-remove_duplicates,WASM,173.101,7.827,Large
Sorting-remove_duplicates,WASM,173.422,7.803,Large
Sorting-remove_duplicates,WASM,174.057,7.967,Large
Sorting-remove_duplicates,WASM,175.944,8.103,Large
Sorting-remove_duplicates,JS,192.112,8.267,Large
Sorting-remove_duplicates,JS,177.261,7.419,Large
Sorting-remove_duplicates,JS,199.197,8.234,Large
Sorting-remove_duplicates,JS,188.879,7.66,Large
Sorting-remove_duplicates,JS,190.902,8.059,Large
Sorting-remove_duplicates,JS,185.88,8.727,Large
Sorting-remove_duplicates,JS,177.836,8.196,Large
Sorting-remove_duplicates,JS,180.832,8.4,Large
Sorting-remove_duplicates,JS,181.685,8.456,Large
Sorting-remove_duplicates,JS,185.731,8.663,Large
Sorting-remove_duplicates,JS,179.597,8.319,Large
Sorting-remove_duplicates,JS,168.789,7.497,Large
Sorting-remove_duplicates,JS,175.779,7.965,Large
Sorting-remove_duplicates,JS,183.399,8.54,Large
Sorting-remove_duplicates,JS,177.841,8.147,Large
Sorting-remove_duplicates,JS,174.826,7.987,Large
Sorting-remove_duplicates,JS,176.712,8.093,Large
Sorting-remove_duplicates,JS,175.834,8.032,Large
Sorting-remove_duplicates,JS,183.042,8.597,Large
Sorting-remove_duplicates,JS,176.37,8.069,Large
Sorting-quick,C,10.244,0.869,Small
Sorting-quick,C,10.309,0.903,Small
Sorting-quick,C,9.423,0.804,Small
Sorting-quick,C,9.98,0.813,Small
Sorting-quick,C,10.288,0.896,Small
Sorting-quick,C,10.461,0.875,Small
Sorting-quick,C,9.708,0.788,Small
Sorting-quick,C,9.357,0.793,Small
Sorting-quick,C,9.784,0.866,Small
Sorting-quick,C,8.708,0.747,Small
Sorting-quick,C,9.731,0.848,Small
Sorting-quick,C,10.223,0.883,Small
Sorting-quick,C,10.447,0.886,Small
Sorting-quick,C,10.446,0.876,Small
Sorting-quick,C,9.684,0.835,Small
Sorting-quick,C,9.999,0.856,Small
Sorting-quick,C,10.886,0.891,Small
Sorting-quick,C,9.953,0.831,Small
Sorting-quick,C,10.854,0.895,Small
Sorting-quick,C,10.075,0.838,Small
Sorting-quick,WASM,21.59,1.56,Small
Sorting-quick,WASM,20.097,1.414,Small
Sorting-quick,WASM,20.936,1.473,Small
Sorting-quick,WASM,20.394,1.452,Small
Sorting-quick,WASM,20.047,1.455,Small
Sorting-quick,WASM,20.917,1.474,Small
Sorting-quick,WASM,21.568,1.517,Small
Sorting-quick,WASM,19.968,1.416,Small
Sorting-quick,WASM,20.967,1.509,Small
Sorting-quick,WASM,20.843,1.478,Small
Sorting-quick,WASM,21.103,1.536,Small
Sorting-quick,WASM,21.719,1.569,Small
Sorting-quick,WASM,19.798,1.406,Small
Sorting-quick,WASM,22.765,1.616,Small
Sorting-quick,WASM,20.124,1.416,Small
Sorting-quick,WASM,19.97,1.426,Small
Sorting-quick,WASM,21.923,1.556,Small
Sorting-quick,WASM,20.104,1.458,Small
Sorting-quick,WASM,22.54,1.611,Small
Sorting-quick,WASM,21.279,1.517,Small
Sorting-quick,JS,22.492,1.515,Small
Sorting-quick,JS,24.547,1.647,Small
Sorting-quick,JS,21.905,1.528,Small
Sorting-quick,JS,20.68,1.462,Small
Sorting-quick,JS,23.033,1.598,Small
Sorting-quick,JS,21.574,1.465,Small
Sorting-quick,JS,22.272,1.558,Small
Sorting-quick,JS,21.684,1.474,Small
Sorting-quick,JS,21.706,1.496,Small
Sorting-quick,JS,22.723,1.57,Small
Sorting-quick,JS,21.956,1.495,Small
Sorting-quick,JS,22.468,1.508,Small
Sorting-quick,JS,23.114,1.575,Small
Sorting-quick,JS,21.997,1.463,Small
Sorting-quick,JS,23.87,1.619,Small
Sorting-quick,JS,23.927,1.578,Small
Sorting-quick,JS,22.915,1.57,Small
Sorting-quick,JS,23.07,1.573,Small
Sorting-quick,JS,22.568,1.572,Small
Sorting-quick,JS,23.269,1.633,Small
Sorting-quick,C,30.196,2.303,Medium
Sorting-quick,C,27.477,2.143,Medium
Sorting-quick,C,28.69,2.141,Medium
Sorting-quick,C,27.993,2.062,Medium
Sorting-quick,C,28.672,2.12,Medium
Sorting-quick,C,27.431,2.081,Medium
Sorting-quick,C,29.779,2.19,Medium
Sorting-quick,C,29.079,2.161,Medium
Sorting-quick,C,28.492,2.091,Medium
Sorting-quick,C,29.084,2.18,Medium
Sorting-quick,C,28.337,2.092,Medium
Sorting-quick,C,28.854,2.125,Medium
Sorting-quick,C,28.784,2.085,Medium
Sorting-quick,C,28.373,2.1,Medium
Sorting-quick,C,27.647,2.085,Medium
Sorting-quick,C,26.112,1.946,Medium
Sorting-quick,C,28.947,2.167,Medium
Sorting-quick,C,30.083,2.203,Medium
Sorting-quick,C,28.382,2.134,Medium
Sorting-quick,C,27.389,2.044,Medium
Sorting-quick,WASM,47.538,3.171,Medium
Sorting-quick,WASM,48.697,3.151,Medium
Sorting-quick,WASM,50.834,3.413,Medium
Sorting-quick,WASM,50.359,3.265,Medium
Sorting-quick,WASM,50.74,3.228,Medium
Sorting-quick,WASM,50.224,3.231,Medium
Sorting-quick,WASM,47.529,3.157,Medium
Sorting-quick,WASM,50.907,3.286,Medium
Sorting-quick,WASM,49.424,3.237,Medium
Sorting-quick,WASM,48.732,3.152,Medium
Sorting-quick,WASM,48.825,3.219,Medium
Sorting-quick,WASM,51.66,3.395,Medium
Sorting-quick,WASM,48.876,3.229,Medium
Sorting-quick,WASM,48.974,3.165,Medium
Sorting-quick,WASM,47.165,3.153,Medium
Sorting-quick,WASM,50.041,3.148,Medium
Sorting-quick,WASM,50.83,3.261,Medium
Sorting-quick,WASM,47.828,3.133,Medium
Sorting-quick,WASM,47.191,3.064,Medium
Sorting-quick,WASM,50.666,3.265,Medium
Sorting-quick,JS,52.435,3.44,Medium
Sorting-quick,JS,49.032,3.195,Medium
Sorting-quick,JS,47.665,3.208,Medium
Sorting-quick,JS,50.193,3.286,Medium
Sorting-quick,JS,50.264,3.264,Medium
Sorting-quick,JS,49.359,3.264,Medium
Sorting-quick,JS,50.012,3.302,Medium
Sorting-quick,JS,49.409,3.236,Medium
Sorting-quick,JS,49.654,3.205,Medium
Sorting-quick,JS,50.463,3.243,Medium
Sorting-quick,JS,49.079,3.249,Medium
Sorting-quick,JS,50.455,3.24,Medium
Sorting-quick,JS,48.83,3.213,Medium
Sorting-quick,JS,54.019,3.419,Medium
Sorting-quick,JS,52.528,3.348,Medium
Sorting-quick,JS,49.136,3.196,Medium
Sorting-quick,JS,50.535,3.227,Medium
Sorting-quick,JS,50.635,3.335,Medium
Sorting-quick,JS,51.251,3.248,Medium
Sorting-quick,JS,52.291,3.273,Medium
Sorting-quick,C,58.6,3.994,Large
Sorting-quick,C,63.771,4.27,Large
Sorting-quick,C,60.605,4.088,Large
Sorting-quick,C,62.828,4.209,Large
Sorting-quick,C,59.576,4.037,Large
Sorting-quick,C,59.017,4.02,Large
Sorting-quick,C,61.761,4.178,Large
Sorting-quick,C,60.322,4.069,Large
Sorting-quick,C,59.015,3.945,Large
Sorting-quick,C,60.025,4.041,Large
Sorting-quick,C,60.99,4.041,Large
Sorting-quick,C,63.984,4.223,Large
Sorting-quick,C,59.059,4,Large
Sorting-quick,C,60.89,4.1,Large
Sorting-quick,C,61.337,4.145,Large
Sorting-quick,C,63.557,4.175,Large
Sorting-quick,C,60.933,4.135,Large
Sorting-quick,C,62.414,4.182,Large
Sorting-quick,C,62.073,4.11,Large
Sorting-quick,C,61.6,4.05,Large
Sorting-quick,WASM,96.919,6.074,Large
Sorting-quick,WASM,99.655,6.061,Large
Sorting-quick,WASM,94.483,5.804,Large
Sorting-quick,WASM,97.687,6.006,Large
Sorting-quick,WASM,98.482,5.968,Large
Sorting-quick,WASM,97.135,5.968,Large
Sorting-quick,WASM,97.466,5.972,Large
Sorting-quick,WASM,96.905,5.925,Large
Sorting-quick,WASM,95.971,5.88,Large
Sorting-quick,WASM,96.65,5.994,Large
Sorting-quick,WASM,98.585,6.013,Large
Sorting-quick,WASM,97.757,5.991,Large
Sorting-quick,WASM,96.674,5.938,Large
Sorting-quick,WASM,97.857,5.964,Large
Sorting-quick,WASM,95.919,5.893,Large
Sorting-quick,WASM,100.964,6.126,Large
Sorting-quick,WASM,98.038,5.935,Large
Sorting-quick,WASM,98.929,5.973,Large
Sorting-quick,WASM,99.263,5.989,Large
Sorting-quick,WASM,101.665,6.11,Large
Sorting-quick,JS,93.811,6.025,Large
Sorting-quick,JS,95.722,5.912,Large
Sorting-quick,JS,97.456,6.122,Large
Sorting-quick,JS,98.409,5.984,Large
Sorting-quick,JS,99.804,6.191,Large
Sorting-quick,JS,99.863,6.053,Large
Sorting-quick,JS,97.82,5.913,Large
Sorting-quick,JS,95.476,5.788,Large
Sorting-quick,JS,99.457,6.128,Large
Sorting-quick,JS,96.365,5.928,Large
Sorting-quick,JS,95.978,5.9,Large
Sorting-quick,JS,97.62,5.978,Large
Sorting-quick,JS,100.725,6.1,Large
Sorting-quick,JS,100.478,6.005,Large
Sorting-quick,JS,101.253,6.069,Large
Sorting-quick,JS,100.456,6.04,Large
Sorting-quick,JS,100.964,6.069,Large
Sorting-quick,JS,99.502,5.947,Large
Sorting-quick,JS,100.426,6.022,Large
Sorting-quick,JS,99.753,5.937,Large
Sorting-natural,C,56.553,3.78,Small
Sorting-natural,C,64.641,4.356,Small
Sorting-natural,C,63.638,4.243,Small
Sorting-natural,C,62.92,4.401,Small
Sorting-natural,C,66.858,4.545,Small
Sorting-natural,C,63.632,4.338,Small
Sorting-natural,C,63.232,4.244,Small
Sorting-natural,C,65.967,4.322,Small
Sorting-natural,C,63.909,4.162,Small
Sorting-natural,C,62.805,4.262,Small
Sorting-natural,C,67.284,4.447,Small
Sorting-natural,C,63.731,4.237,Small
Sorting-natural,C,64.604,4.27,Small
Sorting-natural,C,67.93,4.379,Small
Sorting-natural,C,63.459,4.267,Small
Sorting-natural,C,66.739,4.475,Small
Sorting-natural,C,65.29,4.443,Small
Sorting-natural,C,65.912,4.212,Small
Sorting-natural,C,65.979,4.494,Small
Sorting-natural,C,63.251,4.358,Small
Sorting-natural,WASM,150.69,6.937,Small
Sorting-natural,WASM,179.122,7.895,Small
Sorting-natural,WASM,151.645,6.722,Small
Sorting-natural,WASM,154.927,6.788,Small
Sorting-natural,WASM,157.916,7.01,Small
Sorting-natural,WASM,163.553,6.927,Small
Sorting-natural,WASM,161.554,7.126,Small
Sorting-natural,WASM,167.157,7.611,Small
Sorting-natural,WASM,166.06,7.657,Small
Sorting-natural,WASM,154.762,6.902,Small
Sorting-natural,WASM,153.124,6.768,Small
Sorting-natural,WASM,163.201,7.5,Small
Sorting-natural,WASM,153.75,6.785,Small
Sorting-natural,WASM,157.544,7.094,Small
Sorting-natural,WASM,155.675,6.905,Small
Sorting-natural,WASM,165.146,7.562,Small
Sorting-natural,WASM,149.267,6.682,Small
Sorting-natural,WASM,158.941,7.042,Small
Sorting-natural,WASM,154.796,6.889,Small
Sorting-natural,WASM,152.586,6.775,Small
Sorting-natural,JS,162.219,7.513,Small
Sorting-natural,JS,152.97,6.73,Small
Sorting-natural,JS,159.908,6.877,Small
Sorting-natural,JS,169.014,7.502,Small
Sorting-natural,JS,167.313,7.3,Small
Sorting-natural,JS,167.632,7.555,Small
Sorting-natural,JS,173.043,7.485,Small
Sorting-natural,JS,171.195,8.015,Small
Sorting-natural,JS,164.545,7.491,Small
Sorting-natural,JS,157.309,6.991,Small
Sorting-natural,JS,172.842,8.066,Small
Sorting-natural,JS,170.328,7.95,Small
Sorting-natural,JS,162.303,7.388,Small
Sorting-natural,JS,167.408,7.772,Small
Sorting-natural,JS,169.88,7.854,Small
Sorting-natural,JS,163.89,7.455,Small
Sorting-natural,JS,159.176,7.224,Small
Sorting-natural,JS,169.144,7.92,Small
Sorting-natural,JS,158.338,7.108,Small
Sorting-natural,JS,164.046,7.555,Small
Sorting-natural,C,123.348,8.316,Medium
Sorting-natural,C,123.083,8.206,Medium
Sorting-natural,C,135.793,8.826,Medium
Sorting-natural,C,133.935,8.927,Medium
Sorting-natural,C,136.464,9.259,Medium
Sorting-natural,C,135.913,8.925,Medium
Sorting-natural,C,138.837,9.362,Medium
Sorting-natural,C,135.179,8.781,Medium
Sorting-natural,C,135.13,8.995,Medium
Sorting-natural,C,134.669,8.767,Medium
Sorting-natural,C,139.131,8.964,Medium
Sorting-natural,C,132.966,8.711,Medium
Sorting-natural,C,142.034,9.323,Medium
Sorting-natural,C,141.777,9.31,Medium
Sorting-natural,C,138.469,9.093,Medium
Sorting-natural,C,137.031,8.99,Medium
Sorting-natural,C,140.671,9.155,Medium
Sorting-natural,C,142.302,9.344,Medium
Sorting-natural,C,145.888,9.584,Medium
Sorting-natural,C,140.862,9.381,Medium
Sorting-natural,WASM,315.721,14.364,Medium
Sorting-natural,WASM,278.419,12.636,Medium
Sorting-natural,WASM,293.199,15.083,Medium
Sorting-natural,WASM,265.466,14.409,Medium
Sorting-natural,WASM,260.984,14.032,Medium
Sorting-natural,WASM,267.289,14.553,Medium
Sorting-natural,WASM,264.273,14.176,Medium
Sorting-natural,WASM,264.018,14.241,Medium
Sorting-natural,WASM,269.746,14.67,Medium
Sorting-natural,WASM,270.31,14.652,Medium
Sorting-natural,WASM,285.171,15.689,Medium
Sorting-natural,WASM,267.863,14.566,Medium
Sorting-natural,WASM,269.433,14.546,Medium
Sorting-natural,WASM,275.365,15.038,Medium
Sorting-natural,WASM,273.396,14.997,Medium
Sorting-natural,WASM,260.774,13.97,Medium
Sorting-natural,WASM,273.126,14.833,Medium
Sorting-natural,WASM,265.281,14.206,Medium
Sorting-natural,WASM,261.987,13.989,Medium
Sorting-natural,WASM,270.906,14.676,Medium
Sorting-natural,JS,324.901,14.995,Medium
Sorting-natural,JS,309.566,13.909,Medium
Sorting-natural,JS,273.506,14.958,Medium
Sorting-natural,JS,280.319,15.377,Medium
Sorting-natural,JS,291.151,16.139,Medium
Sorting-natural,JS,272.069,14.685,Medium
Sorting-natural,JS,283.628,15.632,Medium
Sorting-natural,JS,275.823,15.027,Medium
Sorting-natural,JS,277.287,15.193,Medium
Sorting-natural,JS,275.732,15.067,Medium
Sorting-natural,JS,274.455,14.977,Medium
Sorting-natural,JS,284.347,15.581,Medium
Sorting-natural,JS,282.466,15.508,Medium
Sorting-natural,JS,280.1,15.39,Medium
Sorting-natural,JS,278.279,15.23,Medium
Sorting-natural,JS,275.527,14.984,Medium
Sorting-natural,JS,287.54,15.81,Medium
Sorting-natural,JS,275.375,15.013,Medium
Sorting-natural,JS,276.098,15.009,Medium
Sorting-natural,JS,270.203,14.68,Medium
Sorting-natural,C,281.169,18.482,Large
Sorting-natural,C,281.607,18.093,Large
Sorting-natural,C,281.269,18.335,Large
Sorting-natural,C,289.336,18.349,Large
Sorting-natural,C,278.988,18.018,Large
Sorting-natural,C,287.694,18.242,Large
Sorting-natural,C,282.928,18.135,Large
Sorting-natural,C,281.97,17.565,Large
Sorting-natural,C,282.29,17.917,Large
Sorting-natural,C,292.039,18.32,Large
Sorting-natural,C,288.077,18.246,Large
Sorting-natural,C,282.051,17.635,Large
Sorting-natural,C,283.146,18.005,Large
Sorting-natural,C,281.22,17.942,Large
Sorting-natural,C,290.959,18.437,Large
Sorting-natural,C,295.702,18.639,Large
Sorting-natural,C,293.726,18.679,Large
Sorting-natural,C,284.647,17.879,Large
Sorting-natural,C,285.906,18.071,Large
Sorting-natural,C,290.567,18.451,Large
Sorting-natural,WASM,585.994,27.569,Large
Sorting-natural,WASM,504.662,29.472,Large
Sorting-natural,WASM,495.327,29.965,Large
Sorting-natural,WASM,492.465,29.678,Large
Sorting-natural,WASM,487.141,29.383,Large
Sorting-natural,WASM,508.543,30.809,Large
Sorting-natural,WASM,512.429,30.908,Large
Sorting-natural,WASM,514.543,31.156,Large
Sorting-natural,WASM,513.862,31.01,Large
Sorting-natural,WASM,512.825,31.564,Large
Sorting-natural,WASM,515.212,31.249,Large
Sorting-natural,WASM,526.181,32.008,Large
Sorting-natural,WASM,493.96,29.74,Large
Sorting-natural,WASM,498.902,30.094,Large
Sorting-natural,WASM,488.305,29.326,Large
Sorting-natural,WASM,509.281,30.789,Large
Sorting-natural,WASM,498.495,30.035,Large
Sorting-natural,WASM,511.007,30.927,Large
Sorting-natural,WASM,498.804,29.962,Large
Sorting-natural,WASM,503.248,30.281,Large
Sorting-natural,JS,627.156,30.157,Large
Sorting-natural,JS,530.793,32.365,Large
Sorting-natural,JS,524.348,31.903,Large
Sorting-natural,JS,515.246,31.227,Large
Sorting-natural,JS,511.455,30.965,Large
Sorting-natural,JS,518.306,31.382,Large
Sorting-natural,JS,542.065,33.027,Large
Sorting-natural,JS,518.443,31.347,Large
Sorting-natural,JS,521.578,31.685,Large
Sorting-natural,JS,506.604,30.658,Large
Sorting-natural,JS,518.218,31.417,Large
Sorting-natural,JS,521.983,31.768,Large
Sorting-natural,JS,524.006,31.763,Large
Sorting-natural,JS,520.417,31.602,Large
Sorting-natural,JS,502.555,30.319,Large
Sorting-natural,JS,536.435,32.638,Large
Sorting-natural,JS,521.522,31.634,Large
Sorting-natural,JS,512.77,31.147,Large
Sorting-natural,JS,527.698,31.947,Large
Sorting-natural,JS,516.05,31.253,Large
Sorting-merge,C,11.354,1.008,Small
Sorting-merge,C,9.628,0.849,Small
Sorting-merge,C,9.918,0.858,Small
Sorting-merge,C,10.746,0.874,Small
Sorting-merge,C,9.358,0.804,Small
Sorting-merge,C,9.428,0.815,Small
Sorting-merge,C,9.761,0.803,Small
Sorting-merge,C,9.88,0.871,Small
Sorting-merge,C,10.796,0.91,Small
Sorting-merge,C,10.501,0.85,Small
Sorting-merge,C,10.637,0.86,Small
Sorting-merge,C,10.73,0.917,Small
Sorting-merge,C,10.269,0.892,Small
Sorting-merge,C,9.481,0.799,Small
Sorting-merge,C,10.524,0.883,Small
Sorting-merge,C,9.228,0.778,Small
Sorting-merge,C,10.163,0.869,Small
Sorting-merge,C,10.961,0.901,Small
Sorting-merge,C,9.285,0.773,Small
Sorting-merge,C,11.1,0.939,Small
Sorting-merge,WASM,21.686,1.56,Small
Sorting-merge,WASM,21.257,1.469,Small
Sorting-merge,WASM,22.48,1.598,Small
Sorting-merge,WASM,21.81,1.477,Small
Sorting-merge,WASM,21.883,1.519,Small
Sorting-merge,WASM,20.862,1.468,Small
Sorting-merge,WASM,20.789,1.444,Small
Sorting-merge,WASM,21.064,1.461,Small
Sorting-merge,WASM,21.317,1.514,Small
Sorting-merge,WASM,21.093,1.469,Small
Sorting-merge,WASM,21.811,1.517,Small
Sorting-merge,WASM,21.398,1.48,Small
Sorting-merge,WASM,20.187,1.46,Small
Sorting-merge,WASM,21.481,1.49,Small
Sorting-merge,WASM,22.539,1.601,Small
Sorting-merge,WASM,20.474,1.419,Small
Sorting-merge,WASM,21.484,1.539,Small
Sorting-merge,WASM,21.585,1.498,Small
Sorting-merge,WASM,21.37,1.464,Small
Sorting-merge,WASM,21.15,1.47,Small
Sorting-merge,JS,23.159,1.599,Small
Sorting-merge,JS,23.744,1.597,Small
Sorting-merge,JS,22.275,1.515,Small
Sorting-merge,JS,22.449,1.51,Small
Sorting-merge,JS,22.974,1.527,Small
Sorting-merge,JS,23.706,1.6,Small
Sorting-merge,JS,22.137,1.539,Small
Sorting-merge,JS,23.104,1.599,Small
Sorting-merge,JS,22.557,1.515,Small
Sorting-merge,JS,22.719,1.53,Small
Sorting-merge,JS,23.888,1.631,Small
Sorting-merge,JS,22.57,1.513,Small
Sorting-merge,JS,23.364,1.486,Small
Sorting-merge,JS,23.439,1.587,Small
Sorting-merge,JS,21.913,1.538,Small
Sorting-merge,JS,22.325,1.542,Small
Sorting-merge,JS,21.5,1.517,Small
Sorting-merge,JS,22.999,1.577,Small
Sorting-merge,JS,23.355,1.536,Small
Sorting-merge,JS,21.652,1.493,Small
Sorting-merge,C,28.796,2.173,Medium
Sorting-merge,C,29.093,2.218,Medium
Sorting-merge,C,29.169,2.204,Medium
Sorting-merge,C,27.969,2.017,Medium
Sorting-merge,C,29.449,2.131,Medium
Sorting-merge,C,28.727,2.154,Medium
Sorting-merge,C,29.385,2.158,Medium
Sorting-merge,C,29.07,2.091,Medium
Sorting-merge,C,27.561,2.091,Medium
Sorting-merge,C,27.121,2.033,Medium
Sorting-merge,C,27.785,2.069,Medium
Sorting-merge,C,28.398,2.092,Medium
Sorting-merge,C,27.711,2.014,Medium
Sorting-merge,C,28.057,2.04,Medium
Sorting-merge,C,29.284,2.127,Medium
Sorting-merge,C,29.135,2.141,Medium
Sorting-merge,C,29.021,2.138,Medium
Sorting-merge,C,28.234,2.096,Medium
Sorting-merge,C,30.242,2.182,Medium
Sorting-merge,C,27.381,2.068,Medium
Sorting-merge,WASM,47.642,3.253,Medium
Sorting-merge,WASM,49.2,3.322,Medium
Sorting-merge,WASM,47.875,3.192,Medium
Sorting-merge,WASM,47.973,3.236,Medium
Sorting-merge,WASM,49.267,3.275,Medium
Sorting-merge,WASM,49.641,3.255,Medium
Sorting-merge,WASM,50.177,3.24,Medium
Sorting-merge,WASM,50.447,3.315,Medium
Sorting-merge,WASM,47.619,3.144,Medium
Sorting-merge,WASM,48.257,3.248,Medium
Sorting-merge,WASM,50.035,3.195,Medium
Sorting-merge,WASM,49.766,3.178,Medium
Sorting-merge,WASM,50.37,3.251,Medium
Sorting-merge,WASM,50.587,3.173,Medium
Sorting-merge,WASM,50.656,3.301,Medium
Sorting-merge,WASM,50.209,3.214,Medium
Sorting-merge,WASM,50.099,3.232,Medium
Sorting-merge,WASM,49.754,3.209,Medium
Sorting-merge,WASM,48.923,3.201,Medium
Sorting-merge,WASM,49.32,3.194,Medium
Sorting-merge,JS,49.763,3.322,Medium
Sorting-merge,JS,49.667,3.277,Medium
Sorting-merge,JS,50.01,3.257,Medium
Sorting-merge,JS,51.446,3.317,Medium
Sorting-merge,JS,52.604,3.413,Medium
Sorting-merge,JS,52.826,3.361,Medium
Sorting-merge,JS,50.571,3.302,Medium
Sorting-merge,JS,51.67,3.279,Medium
Sorting-merge,JS,54.673,3.433,Medium
Sorting-merge,JS,52.179,3.294,Medium
Sorting-merge,JS,51.089,3.291,Medium
Sorting-merge,JS,52.893,3.376,Medium
Sorting-merge,JS,51.256,3.25,Medium
Sorting-merge,JS,50.66,3.263,Medium
Sorting-merge,JS,52.94,3.321,Medium
Sorting-merge,JS,51.67,3.282,Medium
Sorting-merge,JS,56.629,3.557,Medium
Sorting-merge,JS,50.838,3.26,Medium
Sorting-merge,JS,50.675,3.231,Medium
Sorting-merge,JS,51.467,3.203,Medium
Sorting-merge,C,60.654,4.242,Large
Sorting-merge,C,59.355,4.058,Large
Sorting-merge,C,60.193,4.229,Large
Sorting-merge,C,63.143,4.294,Large
Sorting-merge,C,59.021,4.074,Large
Sorting-merge,C,60.822,4.15,Large
Sorting-merge,C,60.841,4.041,Large
Sorting-merge,C,61.545,4.082,Large
Sorting-merge,C,62.493,4.132,Large
Sorting-merge,C,63.085,4.313,Large
Sorting-merge,C,60.719,4.043,Large
Sorting-merge,C,61.64,4.144,Large
Sorting-merge,C,61.851,4.175,Large
Sorting-merge,C,62.047,4.135,Large
Sorting-merge,C,60.816,4.035,Large
Sorting-merge,C,62.261,4.098,Large
Sorting-merge,C,62.638,4.071,Large
Sorting-merge,C,61.144,4.102,Large
Sorting-merge,C,61.431,4.084,Large
Sorting-merge,C,63.355,4.19,Large
Sorting-merge,WASM,96.079,6.096,Large
Sorting-merge,WASM,96.073,5.987,Large
Sorting-merge,WASM,96.978,6.115,Large
Sorting-merge,WASM,97.669,6,Large
Sorting-merge,WASM,99.029,5.983,Large
Sorting-merge,WASM,97.438,5.899,Large
Sorting-merge,WASM,98.236,5.95,Large
Sorting-merge,WASM,100.288,6.053,Large
Sorting-merge,WASM,97.592,6.048,Large
Sorting-merge,WASM,99.231,6.003,Large
Sorting-merge,WASM,99.338,6.043,Large
Sorting-merge,WASM,98.807,5.941,Large
Sorting-merge,WASM,99.066,6.052,Large
Sorting-merge,WASM,100.256,6.002,Large
Sorting-merge,WASM,99.91,6.092,Large
Sorting-merge,WASM,98.387,5.897,Large
Sorting-merge,WASM,99.178,5.958,Large
Sorting-merge,WASM,97.964,5.942,Large
Sorting-merge,WASM,100.396,6.043,Large
Sorting-merge,WASM,98.814,5.989,Large
Sorting-merge,JS,98.581,6.205,Large
Sorting-merge,JS,96.869,5.968,Large
Sorting-merge,JS,99.142,6.085,Large
Sorting-merge,JS,99.572,6.012,Large
Sorting-merge,JS,100.087,6.003,Large
Sorting-merge,JS,103.222,6.085,Large
Sorting-merge,JS,99.935,6.029,Large
Sorting-merge,JS,98.289,5.99,Large
Sorting-merge,JS,98.082,6.036,Large
Sorting-merge,JS,101.812,6.175,Large
Sorting-merge,JS,101.449,6.079,Large
Sorting-merge,JS,99.418,5.937,Large
Sorting-merge,JS,101.311,6.098,Large
Sorting-merge,JS,100.152,5.954,Large
Sorting-merge,JS,100.926,6.052,Large
Sorting-merge,JS,102.302,6.106,Large
Sorting-merge,JS,100.854,6.006,Large
Sorting-merge,JS,100.289,6.053,Large
Sorting-merge,JS,102.674,6.193,Large
Sorting-merge,JS,101.704,6.071,Large
Sorting-lexicographically,C,77.29,5.1,Small
Sorting-lexicographically,C,75.238,4.962,Small
Sorting-lexicographically,C,77.939,5.074,Small
Sorting-lexicographically,C,74.922,4.866,Small
Sorting-lexicographically,C,74.69,4.783,Small
Sorting-lexicographically,C,74.751,4.817,Small
Sorting-lexicographically,C,77.609,5.036,Small
Sorting-lexicographically,C,79.777,5.156,Small
Sorting-lexicographically,C,80.783,5.09,Small
Sorting-lexicographically,C,75.642,4.813,Small
Sorting-lexicographically,C,76.185,4.941,Small
Sorting-lexicographically,C,75.288,4.803,Small
Sorting-lexicographically,C,78.319,4.914,Small
Sorting-lexicographically,C,75.116,4.78,Small
Sorting-lexicographically,C,74.456,4.794,Small
Sorting-lexicographically,C,75.964,4.808,Small
Sorting-lexicographically,C,78.991,4.984,Small
Sorting-lexicographically,C,78.595,5.005,Small
Sorting-lexicographically,C,78.742,4.997,Small
Sorting-lexicographically,C,77.336,4.91,Small
Sorting-lexicographically,WASM,134.987,8.247,Small
Sorting-lexicographically,WASM,136.211,8.238,Small
Sorting-lexicographically,WASM,136.52,8.25,Small
Sorting-lexicographically,WASM,137.482,8.224,Small
Sorting-lexicographically,WASM,137.782,8.236,Small
Sorting-lexicographically,WASM,138.428,8.255,Small
Sorting-lexicographically,WASM,140.075,8.405,Small
Sorting-lexicographically,WASM,139.427,8.312,Small
Sorting-lexicographically,WASM,137.244,8.173,Small
Sorting-lexicographically,WASM,140.059,8.281,Small
Sorting-lexicographically,WASM,139.285,8.216,Small
Sorting-lexicographically,WASM,137.292,8.123,Small
Sorting-lexicographically,WASM,138.145,8.183,Small
Sorting-lexicographically,WASM,139.764,8.268,Small
Sorting-lexicographically,WASM,141,8.254,Small
Sorting-lexicographically,WASM,142.3,8.29,Small
Sorting-lexicographically,WASM,139.969,8.199,Small
Sorting-lexicographically,WASM,139.118,8.071,Small
Sorting-lexicographically,WASM,137.983,8.122,Small
Sorting-lexicographically,WASM,136.9,8.159,Small
Sorting-lexicographically,JS,147.854,8.928,Small
Sorting-lexicographically,JS,144.651,8.845,Small
Sorting-lexicographically,JS,144.215,8.745,Small
Sorting-lexicographically,JS,144.689,8.633,Small
Sorting-lexicographically,JS,149.117,8.926,Small
Sorting-lexicographically,JS,145.241,8.578,Small
Sorting-lexicographically,JS,148.327,8.836,Small
Sorting-lexicographically,JS,148.939,8.815,Small
Sorting-lexicographically,JS,149.782,8.715,Small
Sorting-lexicographically,JS,150.376,8.751,Small
Sorting-lexicographically,JS,151.859,8.799,Small
Sorting-lexicographically,JS,144.369,8.607,Small
Sorting-lexicographically,JS,147.129,8.719,Small
Sorting-lexicographically,JS,151.754,9.016,Small
Sorting-lexicographically,JS,150.328,8.787,Small
Sorting-lexicographically,JS,147.829,8.821,Small
Sorting-lexicographically,JS,152.586,8.869,Small
Sorting-lexicographically,JS,150.772,8.918,Small
Sorting-lexicographically,JS,147.022,8.797,Small
Sorting-lexicographically,JS,146.319,8.691,Small
Sorting-lexicographically,C,304.781,18.554,Medium
Sorting-lexicographically,C,319.702,18.697,Medium
Sorting-lexicographically,C,306.715,17.974,Medium
Sorting-lexicographically,C,311.331,18.074,Medium
Sorting-lexicographically,C,312.485,18.073,Medium
Sorting-lexicographically,C,314.724,18.119,Medium
Sorting-lexicographically,C,313.804,18.218,Medium
Sorting-lexicographically,C,315.345,18.391,Medium
Sorting-lexicographically,C,316.86,18.334,Medium
Sorting-lexicographically,C,316.892,18.373,Medium
Sorting-lexicographically,C,315.869,18.337,Medium
Sorting-lexicographically,C,315.387,18.254,Medium
Sorting-lexicographically,C,318.711,18.487,Medium
Sorting-lexicographically,C,309.527,17.942,Medium
Sorting-lexicographically,C,305.219,17.589,Medium
Sorting-lexicographically,C,306.074,17.581,Medium
Sorting-lexicographically,C,301.924,17.342,Medium
Sorting-lexicographically,C,317.103,18.377,Medium
Sorting-lexicographically,C,316.377,18.659,Medium
Sorting-lexicographically,C,312.341,18.188,Medium
Sorting-lexicographically,WASM,524.602,31.39,Medium
Sorting-lexicographically,WASM,518.266,30.842,Medium
Sorting-lexicographically,WASM,518.66,31.824,Medium
Sorting-lexicographically,WASM,516.648,32.066,Medium
Sorting-lexicographically,WASM,515.712,31.914,Medium
Sorting-lexicographically,WASM,519.159,32.057,Medium
Sorting-lexicographically,WASM,516.934,32.102,Medium
Sorting-lexicographically,WASM,516.759,32.084,Medium
Sorting-lexicographically,WASM,507.77,31.424,Medium
Sorting-lexicographically,WASM,498.144,30.711,Medium
Sorting-lexicographically,WASM,504.374,30.937,Medium
Sorting-lexicographically,WASM,501.882,30.974,Medium
Sorting-lexicographically,WASM,498.132,30.61,Medium
Sorting-lexicographically,WASM,504.132,30.941,Medium
Sorting-lexicographically,WASM,504.635,30.962,Medium
Sorting-lexicographically,WASM,496.365,30.528,Medium
Sorting-lexicographically,WASM,503.363,30.998,Medium
Sorting-lexicographically,WASM,501.95,30.875,Medium
Sorting-lexicographically,WASM,504.108,31.021,Medium
Sorting-lexicographically,WASM,512.953,31.614,Medium
Sorting-lexicographically,JS,550.643,32.311,Medium
Sorting-lexicographically,JS,547.05,32.833,Medium
Sorting-lexicographically,JS,536.799,33.302,Medium
Sorting-lexicographically,JS,544.875,33.767,Medium
Sorting-lexicographically,JS,534.22,33.063,Medium
Sorting-lexicographically,JS,541.528,33.481,Medium
Sorting-lexicographically,JS,536.747,33.371,Medium
Sorting-lexicographically,JS,535.918,33.541,Medium
Sorting-lexicographically,JS,526.942,32.799,Medium
Sorting-lexicographically,JS,528.685,32.636,Medium
Sorting-lexicographically,JS,530.142,32.675,Medium
Sorting-lexicographically,JS,529.254,32.677,Medium
Sorting-lexicographically,JS,528.912,32.711,Medium
Sorting-lexicographically,JS,528.274,32.664,Medium
Sorting-lexicographically,JS,523.785,32.297,Medium
Sorting-lexicographically,JS,559.242,34.729,Medium
Sorting-lexicographically,JS,529.621,32.722,Medium
Sorting-lexicographically,JS,543.74,33.389,Medium
Sorting-lexicographically,JS,534.334,32.956,Medium
Sorting-lexicographically,JS,533.945,33.171,Medium
Sorting-lexicographically,C,487.085,29.652,Large
Sorting-lexicographically,C,498.947,29.223,Large
Sorting-lexicographically,C,480.938,29.412,Large
Sorting-lexicographically,C,481.959,29.772,Large
Sorting-lexicographically,C,484.376,29.861,Large
Sorting-lexicographically,C,481.933,29.704,Large
Sorting-lexicographically,C,483.606,29.786,Large
Sorting-lexicographically,C,486.694,29.962,Large
Sorting-lexicographically,C,501.275,30.961,Large
Sorting-lexicographically,C,469.714,28.736,Large
Sorting-lexicographically,C,475.036,29.067,Large
Sorting-lexicographically,C,477.426,29.322,Large
Sorting-lexicographically,C,475.98,29.165,Large
Sorting-lexicographically,C,472.492,29.048,Large
Sorting-lexicographically,C,480.49,29.516,Large
Sorting-lexicographically,C,479.255,29.426,Large
Sorting-lexicographically,C,460.557,28.211,Large
Sorting-lexicographically,C,489.018,30.009,Large
Sorting-lexicographically,C,483.56,29.954,Large
Sorting-lexicographically,C,485.572,29.77,Large
Sorting-lexicographically,WASM,845.463,50.44,Large
Sorting-lexicographically,WASM,821.393,52.339,Large
Sorting-lexicographically,WASM,823.02,52.648,Large
Sorting-lexicographically,WASM,815.112,52.099,Large
Sorting-lexicographically,WASM,817.789,52.517,Large
Sorting-lexicographically,WASM,1380.662,112.076,Large
Sorting-lexicographically,WASM,1282.947,87.138,Large
Sorting-lexicographically,WASM,830.995,52.027,Large
Sorting-lexicographically,WASM,813.324,52.036,Large
Sorting-lexicographically,WASM,815.968,52.341,Large
Sorting-lexicographically,WASM,789.462,50.276,Large
Sorting-lexicographically,WASM,817.761,52.402,Large
Sorting-lexicographically,WASM,801.097,51.109,Large
Sorting-lexicographically,WASM,789.092,50.246,Large
Sorting-lexicographically,WASM,816.145,52.011,Large
Sorting-lexicographically,WASM,812.787,51.944,Large
Sorting-lexicographically,WASM,816.216,52.286,Large
Sorting-lexicographically,WASM,817.787,52.482,Large
Sorting-lexicographically,WASM,814.701,52.149,Large
Sorting-lexicographically,WASM,811.354,51.955,Large
Sorting-lexicographically,JS,882.234,53.293,Large
Sorting-lexicographically,JS,841.202,54.253,Large
Sorting-lexicographically,JS,858.567,55.061,Large
Sorting-lexicographically,JS,856.388,55.006,Large
Sorting-lexicographically,JS,848.022,54.681,Large
Sorting-lexicographically,JS,838.23,53.665,Large
Sorting-lexicographically,JS,835.719,53.582,Large
Sorting-lexicographically,JS,831.49,53.162,Large
Sorting-lexicographically,JS,833.049,53.274,Large
Sorting-lexicographically,JS,840.055,53.89,Large
Sorting-lexicographically,JS,835.367,53.689,Large
Sorting-lexicographically,JS,848.965,54.424,Large
Sorting-lexicographically,JS,851.086,54.858,Large
Sorting-lexicographically,JS,854.87,54.987,Large
Sorting-lexicographically,JS,861.347,55.448,Large
Sorting-lexicographically,JS,857.715,54.883,Large
Sorting-lexicographically,JS,861.57,55.521,Large
Sorting-lexicographically,JS,856.871,55.024,Large
Sorting-lexicographically,JS,861.697,55.685,Large
Sorting-lexicographically,JS,859.894,55.314,Large
Sorting-identifiers,C,4.282,0.364,Small
Sorting-identifiers,C,4.335,0.365,Small
Sorting-identifiers,C,4.037,0.334,Small
Sorting-identifiers,C,4.091,0.342,Small
Sorting-identifiers,C,4.468,0.373,Small
Sorting-identifiers,C,4.408,0.355,Small
Sorting-identifiers,C,4.141,0.353,Small
Sorting-identifiers,C,4.219,0.361,Small
Sorting-identifiers,C,3.546,0.331,Small
Sorting-identifiers,C,3.288,0.298,Small
Sorting-identifiers,C,4.351,0.339,Small
Sorting-identifiers,C,3.769,0.343,Small
Sorting-identifiers,C,4.068,0.326,Small
Sorting-identifiers,C,3.438,0.337,Small
Sorting-identifiers,C,3.006,0.278,Small
Sorting-identifiers,C,4.32,0.353,Small
Sorting-identifiers,C,4.682,0.393,Small
Sorting-identifiers,C,3.099,0.275,Small
Sorting-identifiers,C,5.302,0.441,Small
Sorting-identifiers,C,3.6,0.306,Small
Sorting-identifiers,WASM,20.675,1.205,Small
Sorting-identifiers,WASM,21.544,1.191,Small
Sorting-identifiers,WASM,17.213,0.964,Small
Sorting-identifiers,WASM,16.154,0.909,Small
Sorting-identifiers,WASM,19.089,1.054,Small
Sorting-identifiers,WASM,22.462,1.106,Small
Sorting-identifiers,WASM,27.574,1.126,Small
Sorting-identifiers,WASM,18.547,1.005,Small
Sorting-identifiers,WASM,19.337,1.064,Small
Sorting-identifiers,WASM,18.14,0.991,Small
Sorting-identifiers,WASM,19.201,1.063,Small
Sorting-identifiers,WASM,18.845,1.016,Small
Sorting-identifiers,WASM,25.794,1.133,Small
Sorting-identifiers,WASM,22.747,1.074,Small
Sorting-identifiers,WASM,17.155,0.91,Small
Sorting-identifiers,WASM,17.285,0.994,Small
Sorting-identifiers,WASM,19.165,1.01,Small
Sorting-identifiers,WASM,17.976,1.002,Small
Sorting-identifiers,WASM,20.501,1.06,Small
Sorting-identifiers,WASM,25.227,1.033,Small
Sorting-identifiers,JS,20.955,1.15,Small
Sorting-identifiers,JS,20.356,1.136,Small
Sorting-identifiers,JS,21.087,1.176,Small
Sorting-identifiers,JS,22.023,1.264,Small
Sorting-identifiers,JS,22.57,1.211,Small
Sorting-identifiers,JS,20.196,1.135,Small
Sorting-identifiers,JS,24.734,1.152,Small
Sorting-identifiers,JS,33.18,1.456,Small
Sorting-identifiers,JS,23.104,1.221,Small
Sorting-identifiers,JS,21.581,1.163,Small
Sorting-identifiers,JS,21.587,1.15,Small
Sorting-identifiers,JS,23.653,1.142,Small
Sorting-identifiers,JS,30.967,1.217,Small
Sorting-identifiers,JS,22.172,1.152,Small
Sorting-identifiers,JS,20.605,1.128,Small
Sorting-identifiers,JS,21.431,1.153,Small
Sorting-identifiers,JS,19.157,1.006,Small
Sorting-identifiers,JS,24.034,1.173,Small
Sorting-identifiers,JS,28.594,1.135,Small
Sorting-identifiers,JS,23.183,1.166,Small
Sorting-identifiers,C,11.269,0.918,Medium
Sorting-identifiers,C,11.059,0.922,Medium
Sorting-identifiers,C,12.113,0.987,Medium
Sorting-identifiers,C,12.388,0.977,Medium
Sorting-identifiers,C,12.767,1.002,Medium
Sorting-identifiers,C,12.269,0.947,Medium
Sorting-identifiers,C,12.211,0.975,Medium
Sorting-identifiers,C,13.269,1.039,Medium
Sorting-identifiers,C,9.273,0.722,Medium
Sorting-identifiers,C,10.481,0.814,Medium
Sorting-identifiers,C,11.906,0.921,Medium
Sorting-identifiers,C,10.91,0.851,Medium
Sorting-identifiers,C,11.565,0.897,Medium
Sorting-identifiers,C,10.99,0.87,Medium
Sorting-identifiers,C,11.494,0.926,Medium
Sorting-identifiers,C,12.586,0.968,Medium
Sorting-identifiers,C,11.615,0.87,Medium
Sorting-identifiers,C,10.208,0.823,Medium
Sorting-identifiers,C,10.816,0.868,Medium
Sorting-identifiers,C,11.241,0.871,Medium
Sorting-identifiers,WASM,32.538,1.747,Medium
Sorting-identifiers,WASM,37.769,1.981,Medium
Sorting-identifiers,WASM,34.178,1.881,Medium
Sorting-identifiers,WASM,37.613,1.994,Medium
Sorting-identifiers,WASM,37.503,1.949,Medium
Sorting-identifiers,WASM,38.424,1.956,Medium
Sorting-identifiers,WASM,34.779,1.85,Medium
Sorting-identifiers,WASM,36.031,1.867,Medium
Sorting-identifiers,WASM,32.973,1.76,Medium
Sorting-identifiers,WASM,36.48,1.838,Medium
Sorting-identifiers,WASM,36.211,1.874,Medium
Sorting-identifiers,WASM,33.075,1.748,Medium
Sorting-identifiers,WASM,34.206,1.784,Medium
Sorting-identifiers,WASM,36.06,1.865,Medium
Sorting-identifiers,WASM,34.344,1.767,Medium
Sorting-identifiers,WASM,39.883,2.027,Medium
Sorting-identifiers,WASM,38.079,1.929,Medium
Sorting-identifiers,WASM,38.319,1.991,Medium
Sorting-identifiers,WASM,39.045,2.026,Medium
Sorting-identifiers,WASM,36.647,1.892,Medium
Sorting-identifiers,JS,39.006,2.046,Medium
Sorting-identifiers,JS,39.173,2.025,Medium
Sorting-identifiers,JS,39.022,2.008,Medium
Sorting-identifiers,JS,39.991,2.038,Medium
Sorting-identifiers,JS,43.662,2.12,Medium
Sorting-identifiers,JS,38.196,2.039,Medium
Sorting-identifiers,JS,42.5,2.164,Medium
Sorting-identifiers,JS,39.48,2.015,Medium
Sorting-identifiers,JS,42.202,2.115,Medium
Sorting-identifiers,JS,43.115,2.097,Medium
Sorting-identifiers,JS,39.562,2.031,Medium
Sorting-identifiers,JS,40.712,2.145,Medium
Sorting-identifiers,JS,42.275,2.146,Medium
Sorting-identifiers,JS,39.164,1.986,Medium
Sorting-identifiers,JS,42.359,2.034,Medium
Sorting-identifiers,JS,43.209,2.215,Medium
Sorting-identifiers,JS,38.312,2.023,Medium
Sorting-identifiers,JS,40.894,2.136,Medium
Sorting-identifiers,JS,39.695,1.962,Medium
Sorting-identifiers,JS,43.71,2.129,Medium
Sorting-identifiers,C,22.346,1.624,Large
Sorting-identifiers,C,22.758,1.704,Large
Sorting-identifiers,C,24.215,1.807,Large
Sorting-identifiers,C,23.575,1.789,Large
Sorting-identifiers,C,22.908,1.758,Large
Sorting-identifiers,C,25.556,1.92,Large
Sorting-identifiers,C,23.239,1.758,Large
Sorting-identifiers,C,23.798,1.782,Large
Sorting-identifiers,C,25.516,1.877,Large
Sorting-identifiers,C,25.481,1.934,Large
Sorting-identifiers,C,22.581,1.693,Large
Sorting-identifiers,C,24.227,1.842,Large
Sorting-identifiers,C,24.875,1.921,Large
Sorting-identifiers,C,22.765,1.739,Large
Sorting-identifiers,C,24.512,1.826,Large
Sorting-identifiers,C,23.144,1.764,Large
Sorting-identifiers,C,22.808,1.725,Large
Sorting-identifiers,C,23.342,1.79,Large
Sorting-identifiers,C,25.318,1.858,Large
Sorting-identifiers,C,22.965,1.783,Large
Sorting-identifiers,WASM,63.122,3.288,Large
Sorting-identifiers,WASM,67.472,3.377,Large
Sorting-identifiers,WASM,67.822,3.462,Large
Sorting-identifiers,WASM,69.825,3.489,Large
Sorting-identifiers,WASM,67.653,3.386,Large
Sorting-identifiers,WASM,72.018,3.604,Large
Sorting-identifiers,WASM,65.348,3.268,Large
Sorting-identifiers,WASM,67.8,3.323,Large
Sorting-identifiers,WASM,71.601,3.538,Large
Sorting-identifiers,WASM,74.119,3.614,Large
Sorting-identifiers,WASM,76.299,3.657,Large
Sorting-identifiers,WASM,70.342,3.503,Large
Sorting-identifiers,WASM,73.214,3.594,Large
Sorting-identifiers,WASM,70.519,3.455,Large
Sorting-identifiers,WASM,66.549,3.231,Large
Sorting-identifiers,WASM,67.348,3.344,Large
Sorting-identifiers,WASM,70.718,3.498,Large
Sorting-identifiers,WASM,72.867,3.536,Large
Sorting-identifiers,WASM,75.376,3.725,Large
Sorting-identifiers,WASM,68.964,3.431,Large
Sorting-identifiers,JS,70.732,3.806,Large
Sorting-identifiers,JS,70.081,3.445,Large
Sorting-identifiers,JS,70.578,3.562,Large
Sorting-identifiers,JS,74.051,3.653,Large
Sorting-identifiers,JS,77.246,3.7,Large
Sorting-identifiers,JS,70.381,3.446,Large
Sorting-identifiers,JS,75.972,3.7,Large
Sorting-identifiers,JS,75.331,3.693,Large
Sorting-identifiers,JS,74.155,3.582,Large
Sorting-identifiers,JS,74.298,3.566,Large
Sorting-identifiers,JS,71.048,3.478,Large
Sorting-identifiers,JS,75.975,3.707,Large
Sorting-identifiers,JS,73.085,3.571,Large
Sorting-identifiers,JS,74.787,3.607,Large
Sorting-identifiers,JS,71.333,3.457,Large
Sorting-identifiers,JS,72.186,3.493,Large
Sorting-identifiers,JS,77.314,3.711,Large
Sorting-identifiers,JS,71.408,3.43,Large
Sorting-identifiers,JS,73.168,3.506,Large
Sorting-identifiers,JS,74.12,3.55,Large
Sorting-circle,C,9.472,0.847,Small
Sorting-circle,C,7.041,0.71,Small
Sorting-circle,C,7.12,0.717,Small
Sorting-circle,C,7.412,0.69,Small
Sorting-circle,C,7.071,0.691,Small
Sorting-circle,C,6.91,0.668,Small
Sorting-circle,C,6.952,0.678,Small
Sorting-circle,C,8.623,0.784,Small
Sorting-circle,C,7.233,0.71,Small
Sorting-circle,C,7.085,0.704,Small
Sorting-circle,C,6.625,0.642,Small
Sorting-circle,C,7.541,0.731,Small
Sorting-circle,C,6.929,0.68,Small
Sorting-circle,C,6.996,0.69,Small
Sorting-circle,C,6.393,0.634,Small
Sorting-circle,C,7.011,0.677,Small
Sorting-circle,C,7.122,0.689,Small
Sorting-circle,C,7.018,0.682,Small
Sorting-circle,C,7.097,0.668,Small
Sorting-circle,C,6.615,0.647,Small
Sorting-circle,WASM,14.615,1.135,Small
Sorting-circle,WASM,13.635,1.006,Small
Sorting-circle,WASM,15.811,1.03,Small
Sorting-circle,WASM,21.41,1.023,Small
Sorting-circle,WASM,17.383,1.037,Small
Sorting-circle,WASM,14.122,1.032,Small
Sorting-circle,WASM,13.317,0.968,Small
Sorting-circle,WASM,13.481,1,Small
Sorting-circle,WASM,13.567,0.991,Small
Sorting-circle,WASM,14.417,1.064,Small
Sorting-circle,WASM,18.494,1.117,Small
Sorting-circle,WASM,21.968,0.945,Small
Sorting-circle,WASM,18.258,1.108,Small
Sorting-circle,WASM,14.088,1.051,Small
Sorting-circle,WASM,13.548,1.012,Small
Sorting-circle,WASM,13.225,0.984,Small
Sorting-circle,WASM,13.396,1.011,Small
Sorting-circle,WASM,16.442,1.032,Small
Sorting-circle,WASM,22.603,1.043,Small
Sorting-circle,WASM,16.044,0.992,Small
Sorting-circle,JS,16.054,1.14,Small
Sorting-circle,JS,14.579,1.095,Small
Sorting-circle,JS,14.299,1.064,Small
Sorting-circle,JS,14.303,1.036,Small
Sorting-circle,JS,17.134,1.058,Small
Sorting-circle,JS,22.769,0.981,Small
Sorting-circle,JS,16.849,1.08,Small
Sorting-circle,JS,14.974,1.045,Small
Sorting-circle,JS,13.987,0.992,Small
Sorting-circle,JS,14.242,1.027,Small
Sorting-circle,JS,14.642,0.98,Small
Sorting-circle,JS,19.43,1.009,Small
Sorting-circle,JS,20.325,0.998,Small
Sorting-circle,JS,14.477,0.987,Small
Sorting-circle,JS,15.274,1.028,Small
Sorting-circle,JS,14.185,1.024,Small
Sorting-circle,JS,13.486,0.986,Small
Sorting-circle,JS,14.216,1.03,Small
Sorting-circle,JS,19.854,1.206,Small
Sorting-circle,JS,25.839,1.219,Small
Sorting-circle,C,54.43,3.834,Medium
Sorting-circle,C,57.958,4.04,Medium
Sorting-circle,C,56.66,4.032,Medium
Sorting-circle,C,56.99,3.983,Medium
Sorting-circle,C,58.532,4.076,Medium
Sorting-circle,C,57.115,3.991,Medium
Sorting-circle,C,56.951,3.907,Medium
Sorting-circle,C,56.329,3.939,Medium
Sorting-circle,C,57.32,4.084,Medium
Sorting-circle,C,57.524,4.012,Medium
Sorting-circle,C,57.957,4.046,Medium
Sorting-circle,C,57.726,4.07,Medium
Sorting-circle,C,57.438,3.954,Medium
Sorting-circle,C,55.761,3.886,Medium
Sorting-circle,C,56.06,3.946,Medium
Sorting-circle,C,56.393,3.972,Medium
Sorting-circle,C,56.508,3.949,Medium
Sorting-circle,C,56.829,4.009,Medium
Sorting-circle,C,56.019,3.947,Medium
Sorting-circle,C,56.902,3.924,Medium
Sorting-circle,WASM,76.286,4.821,Medium
Sorting-circle,WASM,76.45,4.856,Medium
Sorting-circle,WASM,78.694,4.706,Medium
Sorting-circle,WASM,79.956,4.929,Medium
Sorting-circle,WASM,75.62,4.664,Medium
Sorting-circle,WASM,77.443,4.739,Medium
Sorting-circle,WASM,76.972,4.733,Medium
Sorting-circle,WASM,77.18,4.688,Medium
Sorting-circle,WASM,76.978,4.636,Medium
Sorting-circle,WASM,78.342,4.753,Medium
Sorting-circle,WASM,78.232,4.83,Medium
Sorting-circle,WASM,80.687,4.922,Medium
Sorting-circle,WASM,78.104,4.758,Medium
Sorting-circle,WASM,78.563,4.726,Medium
Sorting-circle,WASM,78.282,4.787,Medium
Sorting-circle,WASM,79.816,4.88,Medium
Sorting-circle,WASM,78.886,4.775,Medium
Sorting-circle,WASM,78.125,4.804,Medium
Sorting-circle,WASM,77.284,4.688,Medium
Sorting-circle,WASM,75.779,4.689,Medium
Sorting-circle,JS,77.021,4.804,Medium
Sorting-circle,JS,78.496,4.926,Medium
Sorting-circle,JS,77.267,4.772,Medium
Sorting-circle,JS,80.15,4.802,Medium
Sorting-circle,JS,79.359,4.864,Medium
Sorting-circle,JS,79.893,4.89,Medium
Sorting-circle,JS,79.469,4.769,Medium
Sorting-circle,JS,79.914,4.785,Medium
Sorting-circle,JS,78.972,4.751,Medium
Sorting-circle,JS,80.224,4.804,Medium
Sorting-circle,JS,78.475,4.784,Medium
Sorting-circle,JS,80.088,4.825,Medium
Sorting-circle,JS,80.641,4.865,Medium
Sorting-circle,JS,77.394,4.707,Medium
Sorting-circle,JS,77.665,4.718,Medium
Sorting-circle,JS,79.857,4.763,Medium
Sorting-circle,JS,81.163,4.805,Medium
Sorting-circle,JS,78.77,4.809,Medium
Sorting-circle,JS,80.65,4.829,Medium
Sorting-circle,JS,77.654,4.656,Medium
Sorting-circle,C,120.272,8.101,Large
Sorting-circle,C,122.528,8.072,Large
Sorting-circle,C,120.998,8.027,Large
Sorting-circle,C,123.59,8.009,Large
Sorting-circle,C,125.894,8.066,Large
Sorting-circle,C,122.185,7.815,Large
Sorting-circle,C,125.545,7.93,Large
Sorting-circle,C,125.805,7.969,Large
Sorting-circle,C,123.817,7.783,Large
Sorting-circle,C,123.978,7.929,Large
Sorting-circle,C,124.964,7.95,Large
Sorting-circle,C,125.093,7.752,Large
Sorting-circle,C,126.741,8.042,Large
Sorting-circle,C,124.685,7.908,Large
Sorting-circle,C,124.13,7.928,Large
Sorting-circle,C,127.008,8.053,Large
Sorting-circle,C,125.07,7.955,Large
Sorting-circle,C,123.983,7.878,Large
Sorting-circle,C,129.071,8.095,Large
Sorting-circle,C,123.815,7.858,Large
Sorting-circle,WASM,176.982,10.609,Large
Sorting-circle,WASM,177.582,10.343,Large
Sorting-circle,WASM,179.911,10.363,Large
Sorting-circle,WASM,184.18,10.504,Large
Sorting-circle,WASM,185.29,10.526,Large
Sorting-circle,WASM,181.725,10.539,Large
Sorting-circle,WASM,183.316,10.468,Large
Sorting-circle,WASM,184.576,10.465,Large
Sorting-circle,WASM,186.298,10.638,Large
Sorting-circle,WASM,181.446,10.325,Large
Sorting-circle,WASM,184.502,10.449,Large
Sorting-circle,WASM,184.122,10.339,Large
Sorting-circle,WASM,182.89,10.421,Large
Sorting-circle,WASM,185.742,10.475,Large
Sorting-circle,WASM,185.528,10.494,Large
Sorting-circle,WASM,181.015,10.468,Large
Sorting-circle,WASM,183.956,10.43,Large
Sorting-circle,WASM,182.776,10.236,Large
Sorting-circle,WASM,185.369,10.539,Large
Sorting-circle,WASM,181.849,10.494,Large
Sorting-circle,JS,180.126,10.638,Large
Sorting-circle,JS,183.583,10.763,Large
Sorting-circle,JS,182.309,10.495,Large
Sorting-circle,JS,180.401,10.503,Large
Sorting-circle,JS,184.634,10.484,Large
Sorting-circle,JS,186.042,10.632,Large
Sorting-circle,JS,183.713,10.484,Large
Sorting-circle,JS,182.49,10.518,Large
Sorting-circle,JS,183.456,10.601,Large
Sorting-circle,JS,183.153,10.495,Large
Sorting-circle,JS,185.442,10.546,Large
Sorting-circle,JS,186.844,10.607,Large
Sorting-circle,JS,185.192,10.289,Large
Sorting-circle,JS,184.061,10.437,Large
Sorting-circle,JS,183.21,10.654,Large
Sorting-circle,JS,183.352,10.391,Large
Sorting-circle,JS,186.087,10.459,Large
Sorting-circle,JS,186.012,10.637,Large
Sorting-circle,JS,186.386,10.405,Large
Sorting-circle,JS,185.719,10.708,Large
Sorting-bead,C,25.581,1.643,Small
Sorting-bead,C,32.325,1.598,Small
Sorting-bead,C,21.37,1.575,Small
Sorting-bead,C,20.846,1.569,Small
Sorting-bead,C,20.957,1.578,Small
Sorting-bead,C,21.951,1.562,Small
Sorting-bead,C,20.727,1.579,Small
Sorting-bead,C,21.274,1.573,Small
Sorting-bead,C,20.968,1.581,Small
Sorting-bead,C,21.43,1.58,Small
Sorting-bead,C,24.332,1.62,Small
Sorting-bead,C,34.892,1.665,Small
Sorting-bead,C,22.374,1.563,Small
Sorting-bead,C,21.031,1.572,Small
Sorting-bead,C,21.607,1.576,Small
Sorting-bead,C,20.748,1.569,Small
Sorting-bead,C,24.537,1.612,Small
Sorting-bead,C,33.555,1.626,Small
Sorting-bead,C,21.61,1.558,Small
Sorting-bead,C,21.196,1.566,Small
Sorting-bead,WASM,37.515,2.22,Small
Sorting-bead,WASM,51.413,2.291,Small
Sorting-bead,WASM,35.225,2.138,Small
Sorting-bead,WASM,36.25,2.159,Small
Sorting-bead,WASM,49.892,2.186,Small
Sorting-bead,WASM,39.263,2.178,Small
Sorting-bead,WASM,36.108,2.16,Small
Sorting-bead,WASM,49.265,2.307,Small
Sorting-bead,WASM,37.568,2.113,Small
Sorting-bead,WASM,36.088,2.179,Small
Sorting-bead,WASM,43.581,2.219,Small
Sorting-bead,WASM,45.93,2.242,Small
Sorting-bead,WASM,36.413,2.184,Small
Sorting-bead,WASM,38.779,2.244,Small
Sorting-bead,WASM,51.122,2.251,Small
Sorting-bead,WASM,35.394,2.137,Small
Sorting-bead,WASM,42.33,2.217,Small
Sorting-bead,WASM,46.776,2.233,Small
Sorting-bead,WASM,35.92,2.116,Small
Sorting-bead,WASM,52.269,2.302,Small
Sorting-bead,JS,39.895,2.368,Small
Sorting-bead,JS,51.97,2.357,Small
Sorting-bead,JS,37.69,2.249,Small
Sorting-bead,JS,48.956,2.348,Small
Sorting-bead,JS,40.109,2.228,Small
Sorting-bead,JS,39.542,2.286,Small
Sorting-bead,JS,53.116,2.36,Small
Sorting-bead,JS,38.444,2.281,Small
Sorting-bead,JS,50.734,2.709,Small
Sorting-bead,JS,42.593,2.565,Small
Sorting-bead,JS,36.5,2.242,Small
Sorting-bead,JS,37.218,2.248,Small
Sorting-bead,JS,47.399,2.354,Small
Sorting-bead,JS,45.119,2.319,Small
Sorting-bead,JS,38.69,2.223,Small
Sorting-bead,JS,52.604,2.522,Small
Sorting-bead,JS,39.403,2.241,Small
Sorting-bead,JS,46.765,2.311,Small
Sorting-bead,JS,42.769,2.289,Small
Sorting-bead,JS,40.403,2.264,Small
Sorting-bead,C,41.791,5.463,Medium
Sorting-bead,C,42.355,5.563,Medium
Sorting-bead,C,46.394,5.454,Medium
Sorting-bead,C,44.55,5.582,Medium
Sorting-bead,C,43.898,5.594,Medium
Sorting-bead,C,43.597,5.612,Medium
Sorting-bead,C,44.565,5.693,Medium
Sorting-bead,C,44.346,5.596,Medium
Sorting-bead,C,44.297,5.583,Medium
Sorting-bead,C,44.669,5.587,Medium
Sorting-bead,C,46.097,5.758,Medium
Sorting-bead,C,46.071,5.758,Medium
Sorting-bead,C,49.295,5.695,Medium
Sorting-bead,C,47.869,5.63,Medium
Sorting-bead,C,50.209,5.736,Medium
Sorting-bead,C,45.069,5.675,Medium
Sorting-bead,C,48.782,5.582,Medium
Sorting-bead,C,47.059,5.632,Medium
Sorting-bead,C,45.296,5.642,Medium
Sorting-bead,C,46.235,5.604,Medium
Sorting-bead,WASM,69.957,6.431,Medium
Sorting-bead,WASM,71.309,6.408,Medium
Sorting-bead,WASM,69.365,6.359,Medium
Sorting-bead,WASM,67.304,6.194,Medium
Sorting-bead,WASM,65.115,6.209,Medium
Sorting-bead,WASM,63.544,6.086,Medium
Sorting-bead,WASM,75.934,6.346,Medium
Sorting-bead,WASM,69.818,6.358,Medium
Sorting-bead,WASM,70.499,6.478,Medium
Sorting-bead,WASM,74.618,6.534,Medium
Sorting-bead,WASM,73.066,6.489,Medium
Sorting-bead,WASM,74.582,6.558,Medium
Sorting-bead,WASM,73.702,6.166,Medium
Sorting-bead,WASM,68.617,6.283,Medium
Sorting-bead,WASM,71.402,6.31,Medium
Sorting-bead,WASM,71.368,6.147,Medium
Sorting-bead,WASM,71.994,6.428,Medium
Sorting-bead,WASM,65.307,6.048,Medium
Sorting-bead,WASM,70.014,6.264,Medium
Sorting-bead,WASM,71.272,6.23,Medium
Sorting-bead,JS,75.066,6.581,Medium
Sorting-bead,JS,75.047,6.557,Medium
Sorting-bead,JS,73.548,6.201,Medium
Sorting-bead,JS,72.657,6.554,Medium
Sorting-bead,JS,68.689,6.16,Medium
Sorting-bead,JS,66.971,6.142,Medium
Sorting-bead,JS,74.088,6.352,Medium
Sorting-bead,JS,79.019,6.432,Medium
Sorting-bead,JS,74.273,6.421,Medium
Sorting-bead,JS,75.85,6.422,Medium
Sorting-bead,JS,75.93,6.181,Medium
Sorting-bead,JS,66.621,6.168,Medium
Sorting-bead,JS,70.438,6.473,Medium
Sorting-bead,JS,77.714,6.59,Medium
Sorting-bead,JS,79.923,6.618,Medium
Sorting-bead,JS,71.805,6.501,Medium
Sorting-bead,JS,77.569,6.692,Medium
Sorting-bead,JS,72.339,6.29,Medium
Sorting-bead,JS,68.258,6.169,Medium
Sorting-bead,JS,73.562,6.583,Medium
Sorting-bead,C,88.272,18.477,Large
Sorting-bead,C,86.469,18.649,Large
Sorting-bead,C,88.946,18.198,Large
Sorting-bead,C,89.063,18.373,Large
Sorting-bead,C,90.933,18.265,Large
Sorting-bead,C,88.327,18.513,Large
Sorting-bead,C,94.511,17.898,Large
Sorting-bead,C,89.327,18.283,Large
Sorting-bead,C,88.016,17.708,Large
Sorting-bead,C,90.457,18.068,Large
Sorting-bead,C,87.039,17.985,Large
Sorting-bead,C,93.421,17.835,Large
Sorting-bead,C,90.046,17.803,Large
Sorting-bead,C,94.936,17.95,Large
Sorting-bead,C,91.372,18.287,Large
Sorting-bead,C,91.604,18.083,Large
Sorting-bead,C,96.205,17.888,Large
Sorting-bead,C,93.253,18.318,Large
Sorting-bead,C,94.918,17.954,Large
Sorting-bead,C,94.808,18.156,Large
Sorting-bead,WASM,133.959,17.816,Large
Sorting-bead,WASM,136.473,17.759,Large
Sorting-bead,WASM,117.453,17.214,Large
Sorting-bead,WASM,131.274,17.856,Large
Sorting-bead,WASM,130.105,17.746,Large
Sorting-bead,WASM,123.503,17.709,Large
Sorting-bead,WASM,129.187,17.886,Large
Sorting-bead,WASM,135.119,18.059,Large
Sorting-bead,WASM,129.161,17.823,Large
Sorting-bead,WASM,128.231,17.71,Large
Sorting-bead,WASM,130.577,17.937,Large
Sorting-bead,WASM,132.575,17.879,Large
Sorting-bead,WASM,132.56,17.753,Large
Sorting-bead,WASM,130.43,18.118,Large
Sorting-bead,WASM,132.5,17.961,Large
Sorting-bead,WASM,131.601,17.743,Large
Sorting-bead,WASM,124.938,17.704,Large
Sorting-bead,WASM,123.241,17.508,Large
Sorting-bead,WASM,135.596,18.063,Large
Sorting-bead,WASM,125.814,17.647,Large
Sorting-bead,JS,139.096,18.011,Large
Sorting-bead,JS,138.601,17.713,Large
Sorting-bead,JS,120.856,17.117,Large
Sorting-bead,JS,129.963,17.537,Large
Sorting-bead,JS,143.175,17.899,Large
Sorting-bead,JS,120.698,17.238,Large
Sorting-bead,JS,124.232,17.323,Large
Sorting-bead,JS,142.721,18.055,Large
Sorting-bead,JS,130.223,17.401,Large
Sorting-bead,JS,124.467,17.298,Large
Sorting-bead,JS,141.367,18.072,Large
Sorting-bead,JS,131.808,17.742,Large
Sorting-bead,JS,127.743,17.551,Large
Sorting-bead,JS,151.756,18.319,Large
Sorting-bead,JS,142.142,18.337,Large
Sorting-bead,JS,122.409,17.417,Large
Sorting-bead,JS,124.742,17.348,Large
Sorting-bead,JS,136.258,17.842,Large
Sorting-bead,JS,127.648,17.648,Large
Sorting-bead,JS,133.634,17.637,Large
Fasta,C,368.129,24.239,Small
Fasta,C,352.738,23.005,Small
Fasta,C,356.249,23.031,Small
Fasta,C,359.897,23.153,Small
Fasta,C,358.203,22.963,Small
Fasta,C,361.181,23.122,Small
Fasta,C,359.853,22.966,Small
Fasta,C,362.195,23.197,Small
Fasta,C,361.496,22.982,Small
Fasta,C,361.379,23.038,Small
Fasta,C,365.672,23.507,Small
Fasta,C,362.823,23.124,Small
Fasta,C,360.12,23.035,Small
Fasta,C,359.315,23.102,Small
Fasta,C,373.541,24.346,Small
Fasta,C,364.438,23.127,Small
Fasta,C,368.893,23.372,Small
Fasta,C,361.997,23.079,Small
Fasta,C,362.793,23.044,Small
Fasta,C,360.881,23.461,Small
Fasta,WASM,802.937,42.747,Small
Fasta,WASM,725.839,46.041,Small
Fasta,WASM,728.991,46.195,Small
Fasta,WASM,748.447,47.598,Small
Fasta,WASM,774.609,49.281,Small
Fasta,WASM,736.616,46.761,Small
Fasta,WASM,719.705,45.642,Small
Fasta,WASM,728.541,46.232,Small
Fasta,WASM,711.466,45.015,Small
Fasta,WASM,730.632,46.43,Small
Fasta,WASM,734.185,46.57,Small
Fasta,WASM,714.548,45.285,Small
Fasta,WASM,742.483,47.295,Small
Fasta,WASM,740.18,47.092,Small
Fasta,WASM,743.341,47.227,Small
Fasta,WASM,729.673,46.411,Small
Fasta,WASM,728.82,46.227,Small
Fasta,WASM,732.065,46.436,Small
Fasta,WASM,740.948,47.116,Small
Fasta,WASM,715.521,45.486,Small
Fasta,JS,803.015,42.917,Small
Fasta,JS,724.412,45.942,Small
Fasta,JS,745.198,47.317,Small
Fasta,JS,722.79,45.788,Small
Fasta,JS,730.678,46.417,Small
Fasta,JS,720.336,45.577,Small
Fasta,JS,735.652,46.901,Small
Fasta,JS,730.984,46.38,Small
Fasta,JS,734.016,46.657,Small
Fasta,JS,725.446,45.962,Small
Fasta,JS,706.66,44.873,Small
Fasta,JS,725.69,45.933,Small
Fasta,JS,714.557,45.363,Small
Fasta,JS,726.77,46.054,Small
Fasta,JS,716.909,45.571,Small
Fasta,JS,724.649,45.794,Small
Fasta,JS,726.631,46.015,Small
Fasta,JS,714.799,45.45,Small
Fasta,JS,718.361,45.642,Small
Fasta,JS,730.504,46.484,Small
Fasta,C,672.206,44.659,Medium
Fasta,C,688.889,44.704,Medium
Fasta,C,686.096,44.632,Medium
Fasta,C,683.817,44.637,Medium
Fasta,C,683.977,44.693,Medium
Fasta,C,684.249,44.597,Medium
Fasta,C,676.92,44.103,Medium
Fasta,C,677.494,44.135,Medium
Fasta,C,674.869,44.046,Medium
Fasta,C,676.318,44.133,Medium
Fasta,C,679.559,44.26,Medium
Fasta,C,666.619,43.824,Medium
Fasta,C,675.953,43.983,Medium
Fasta,C,679.067,44.594,Medium
Fasta,C,684.523,44.718,Medium
Fasta,C,685.643,44.704,Medium
Fasta,C,684.573,44.672,Medium
Fasta,C,688.598,44.806,Medium
Fasta,C,685.82,44.675,Medium
Fasta,C,685.924,44.723,Medium
Fasta,WASM,1439.774,85.153,Medium
Fasta,WASM,1404.28,91.201,Medium
Fasta,WASM,1370.964,88.978,Medium
Fasta,WASM,1370.547,89.058,Medium
Fasta,WASM,1375.387,89.349,Medium
Fasta,WASM,1356.386,88.099,Medium
Fasta,WASM,1368.869,88.846,Medium
Fasta,WASM,1299.969,84.255,Medium
Fasta,WASM,1329.144,86.039,Medium
Fasta,WASM,1359.269,88.145,Medium
Fasta,WASM,1349.625,87.471,Medium
Fasta,WASM,1398.216,90.778,Medium
Fasta,WASM,1369.753,88.967,Medium
Fasta,WASM,1364.846,88.608,Medium
Fasta,WASM,1361.495,88.297,Medium
Fasta,WASM,1343.15,87.042,Medium
Fasta,WASM,1357.16,87.965,Medium
Fasta,WASM,1354.711,87.781,Medium
Fasta,WASM,1359.32,88.095,Medium
Fasta,WASM,1370.647,89.045,Medium
Fasta,JS,1454.972,85.971,Medium
Fasta,JS,1323.192,85.821,Medium
Fasta,JS,1348.417,87.484,Medium
Fasta,JS,1368.394,88.886,Medium
Fasta,JS,1330.659,86.338,Medium
Fasta,JS,1347.414,87.42,Medium
Fasta,JS,1349.023,87.482,Medium
Fasta,JS,1379.922,89.627,Medium
Fasta,JS,1360.174,88.343,Medium
Fasta,JS,1338.125,86.79,Medium
Fasta,JS,1361.668,88.291,Medium
Fasta,JS,1350.774,87.58,Medium
Fasta,JS,1365.588,88.71,Medium
Fasta,JS,1366.617,88.724,Medium
Fasta,JS,1355.272,87.968,Medium
Fasta,JS,1356.798,88.049,Medium
Fasta,JS,1320.365,85.547,Medium
Fasta,JS,1386.749,90.036,Medium
Fasta,JS,1357.164,88.022,Medium
Fasta,JS,1366.427,88.723,Medium
Fasta,C,1370.453,89.264,Large
Fasta,C,1352.674,89.727,Large
Fasta,C,1353.707,89.754,Large
Fasta,C,1335.496,88.554,Large
Fasta,C,1336.637,88.535,Large
Fasta,C,1325.362,87.929,Large
Fasta,C,1331.225,88.154,Large
Fasta,C,1333.839,88.438,Large
Fasta,C,1333.338,88.258,Large
Fasta,C,1336.983,88.533,Large
Fasta,C,1335.788,88.507,Large
Fasta,C,1343.197,89.211,Large
Fasta,C,1348.162,89.337,Large
Fasta,C,1351.588,89.573,Large
Fasta,C,1331.746,88.315,Large
Fasta,C,1334.296,88.306,Large
Fasta,C,1333.244,88.385,Large
Fasta,C,1330.869,88.163,Large
Fasta,C,1331.754,88.259,Large
Fasta,C,1330.193,88.141,Large
Fasta,WASM,2799.846,176.839,Large
Fasta,WASM,2662.051,175.932,Large
Fasta,WASM,2618.124,172.837,Large
Fasta,WASM,2629.464,173.521,Large
Fasta,WASM,2676.097,176.726,Large
Fasta,WASM,2642.828,174.537,Large
Fasta,WASM,2730.954,180.378,Large
Fasta,WASM,2727.785,180.281,Large
Fasta,WASM,2650.065,175.171,Large
Fasta,WASM,2639.52,174.195,Large
Fasta,WASM,2643.058,174.617,Large
Fasta,WASM,2619.534,173.039,Large
Fasta,WASM,2698.254,178.389,Large
Fasta,WASM,2596.241,171.517,Large
Fasta,WASM,2585.544,170.635,Large
Fasta,WASM,2587.038,170.848,Large
Fasta,WASM,2673.694,176.522,Large
Fasta,WASM,2678.103,176.875,Large
Fasta,WASM,2686.323,177.571,Large
Fasta,WASM,2605.278,172.086,Large
Fasta,JS,2707.647,170.812,Large
Fasta,JS,2685.761,177.449,Large
Fasta,JS,2701.104,178.362,Large
Fasta,JS,2651.51,175.07,Large
Fasta,JS,2693.608,178.126,Large
Fasta,JS,2600.746,171.816,Large
Fasta,JS,2773.412,183.348,Large
Fasta,JS,2608.728,172.349,Large
Fasta,JS,2662.924,175.905,Large
Fasta,JS,2684.211,177.382,Large
Fasta,JS,2686.663,177.606,Large
Fasta,JS,2678.183,177.054,Large
Fasta,JS,2645.81,174.829,Large
Fasta,JS,2657.391,175.623,Large
Fasta,JS,2599.515,171.622,Large
Fasta,JS,2623.294,173.14,Large
Fasta,JS,2619.472,173.099,Large
Fasta,JS,2642.125,174.521,Large
Fasta,JS,2665.435,176.147,Large
Fasta,JS,2618.957,172.966,Large
Fannkuch-redux,C,1.051,0.082,Small
Fannkuch-redux,C,1.785,0.106,Small
Fannkuch-redux,C,0.784,0.055,Small
Fannkuch-redux,C,0.764,0.068,Small
Fannkuch-redux,C,0.854,0.064,Small
Fannkuch-redux,C,0.995,0.072,Small
Fannkuch-redux,C,0.727,0.072,Small
Fannkuch-redux,C,0.667,0.06,Small
Fannkuch-redux,C,0.901,0.071,Small
Fannkuch-redux,C,0.785,0.072,Small
Fannkuch-redux,C,0.741,0.069,Small
Fannkuch-redux,C,0.895,0.067,Small
Fannkuch-redux,C,0.55,0.058,Small
Fannkuch-redux,C,0.748,0.069,Small
Fannkuch-redux,C,1.074,0.071,Small
Fannkuch-redux,C,0.801,0.067,Small
Fannkuch-redux,C,0.658,0.056,Small
Fannkuch-redux,C,0.877,0.068,Small
Fannkuch-redux,C,0.88,0.08,Small
Fannkuch-redux,C,0.912,0.071,Small
Fannkuch-redux,WASM,8.561,0.64,Small
Fannkuch-redux,WASM,9.032,0.64,Small
Fannkuch-redux,WASM,8.463,0.645,Small
Fannkuch-redux,WASM,8.944,0.619,Small
Fannkuch-redux,WASM,8.493,0.624,Small
Fannkuch-redux,WASM,8.344,0.634,Small
Fannkuch-redux,WASM,8.666,0.643,Small
Fannkuch-redux,WASM,8.715,0.627,Small
Fannkuch-redux,WASM,8.962,0.624,Small
Fannkuch-redux,WASM,8.514,0.629,Small
Fannkuch-redux,WASM,8.522,0.625,Small
Fannkuch-redux,WASM,8.888,0.626,Small
Fannkuch-redux,WASM,8.362,0.633,Small
Fannkuch-redux,WASM,8.096,0.629,Small
Fannkuch-redux,WASM,8.601,0.625,Small
Fannkuch-redux,WASM,8.442,0.645,Small
Fannkuch-redux,WASM,8.388,0.623,Small
Fannkuch-redux,WASM,8.804,0.657,Small
Fannkuch-redux,WASM,8.352,0.626,Small
Fannkuch-redux,WASM,8.421,0.631,Small
Fannkuch-redux,JS,10.688,0.799,Small
Fannkuch-redux,JS,9.592,0.71,Small
Fannkuch-redux,JS,9.697,0.715,Small
Fannkuch-redux,JS,9.242,0.686,Small
Fannkuch-redux,JS,10.264,0.689,Small
Fannkuch-redux,JS,10.072,0.692,Small
Fannkuch-redux,JS,9.298,0.694,Small
Fannkuch-redux,JS,9.731,0.688,Small
Fannkuch-redux,JS,9.278,0.702,Small
Fannkuch-redux,JS,10.001,0.669,Small
Fannkuch-redux,JS,9.612,0.699,Small
Fannkuch-redux,JS,9.332,0.693,Small
Fannkuch-redux,JS,9.923,0.698,Small
Fannkuch-redux,JS,9.628,0.713,Small
Fannkuch-redux,JS,9.137,0.685,Small
Fannkuch-redux,JS,9.293,0.702,Small
Fannkuch-redux,JS,9.253,0.697,Small
Fannkuch-redux,JS,10.765,0.702,Small
Fannkuch-redux,JS,10.011,0.696,Small
Fannkuch-redux,JS,9.875,0.672,Small
Fannkuch-redux,C,183.256,5.795,Medium
Fannkuch-redux,C,184.363,5.822,Medium
Fannkuch-redux,C,186.521,5.886,Medium
Fannkuch-redux,C,178.645,6.095,Medium
Fannkuch-redux,C,157.627,6.646,Medium
Fannkuch-redux,C,158.273,6.606,Medium
Fannkuch-redux,C,158.442,6.634,Medium
Fannkuch-redux,C,160.295,6.802,Medium
Fannkuch-redux,C,158.775,6.624,Medium
Fannkuch-redux,C,158.194,6.603,Medium
Fannkuch-redux,C,158.375,6.626,Medium
Fannkuch-redux,C,158.032,6.596,Medium
Fannkuch-redux,C,158.422,6.617,Medium
Fannkuch-redux,C,158.252,6.619,Medium
Fannkuch-redux,C,158.774,6.634,Medium
Fannkuch-redux,C,158.096,6.614,Medium
Fannkuch-redux,C,158.699,6.699,Medium
Fannkuch-redux,C,158.401,6.63,Medium
Fannkuch-redux,C,159.282,6.684,Medium
Fannkuch-redux,C,158.552,6.615,Medium
Fannkuch-redux,WASM,620.324,38.986,Medium
Fannkuch-redux,WASM,635.777,39.388,Medium
Fannkuch-redux,WASM,615.903,39.093,Medium
Fannkuch-redux,WASM,619.448,39.312,Medium
Fannkuch-redux,WASM,618.485,39.478,Medium
Fannkuch-redux,WASM,620.849,39.342,Medium
Fannkuch-redux,WASM,617.38,39.171,Medium
Fannkuch-redux,WASM,620.013,39.473,Medium
Fannkuch-redux,WASM,618.862,39.166,Medium
Fannkuch-redux,WASM,616.268,39.065,Medium
Fannkuch-redux,WASM,626.904,39.822,Medium
Fannkuch-redux,WASM,628.982,39.889,Medium
Fannkuch-redux,WASM,621.867,39.483,Medium
Fannkuch-redux,WASM,625.127,39.886,Medium
Fannkuch-redux,WASM,616.587,39.149,Medium
Fannkuch-redux,WASM,615.718,39.04,Medium
Fannkuch-redux,WASM,623.125,39.915,Medium
Fannkuch-redux,WASM,620.028,39.464,Medium
Fannkuch-redux,WASM,622.125,39.601,Medium
Fannkuch-redux,WASM,634.852,40.357,Medium
Fannkuch-redux,JS,722.166,44.934,Medium
Fannkuch-redux,JS,715.403,45.06,Medium
Fannkuch-redux,JS,706.584,45.109,Medium
Fannkuch-redux,JS,711.374,45.606,Medium
Fannkuch-redux,JS,710.85,45.611,Medium
Fannkuch-redux,JS,709.661,45.257,Medium
Fannkuch-redux,JS,710.78,45.262,Medium
Fannkuch-redux,JS,712.383,45.276,Medium
Fannkuch-redux,JS,708.593,45.099,Medium
Fannkuch-redux,JS,706.048,45.046,Medium
Fannkuch-redux,JS,713.601,45.592,Medium
Fannkuch-redux,JS,712.631,45.523,Medium
Fannkuch-redux,JS,710.785,45.312,Medium
Fannkuch-redux,JS,711.085,45.303,Medium
Fannkuch-redux,JS,720.593,46.328,Medium
Fannkuch-redux,JS,711.49,45.341,Medium
Fannkuch-redux,JS,717.132,45.584,Medium
Fannkuch-redux,JS,714.721,45.617,Medium
Fannkuch-redux,JS,721.619,45.983,Medium
Fannkuch-redux,JS,711.185,45.34,Medium
Fannkuch-redux,C,1662.598,92.969,Large
Fannkuch-redux,C,1504.763,96.887,Large
Fannkuch-redux,C,1509.822,97.253,Large
Fannkuch-redux,C,1502.225,96.877,Large
Fannkuch-redux,C,1504.94,96.832,Large
Fannkuch-redux,C,1499.385,96.53,Large
Fannkuch-redux,C,1505.641,96.925,Large
Fannkuch-redux,C,1501.974,96.638,Large
Fannkuch-redux,C,1504.039,96.79,Large
Fannkuch-redux,C,1497.705,96.391,Large
Fannkuch-redux,C,1495.642,96.244,Large
Fannkuch-redux,C,1500.36,96.554,Large
Fannkuch-redux,C,1496.504,96.277,Large
Fannkuch-redux,C,1509.206,97.173,Large
Fannkuch-redux,C,1505.543,96.922,Large
Fannkuch-redux,C,1505.103,96.949,Large
Fannkuch-redux,C,1506.982,97.113,Large
Fannkuch-redux,C,1500.339,96.55,Large
Fannkuch-redux,C,1513.359,97.419,Large
Fannkuch-redux,C,1497.704,96.352,Large
Fannkuch-redux,WASM,3168.752,208.471,Large
Fannkuch-redux,WASM,3150.15,209.221,Large
Fannkuch-redux,WASM,3136.679,209.452,Large
Fannkuch-redux,WASM,3136.171,208.215,Large
Fannkuch-redux,WASM,3147.549,209.206,Large
Fannkuch-redux,WASM,3150.846,209.859,Large
Fannkuch-redux,WASM,3143.508,210.635,Large
Fannkuch-redux,WASM,3154.329,210.263,Large
Fannkuch-redux,WASM,3136.43,208.609,Large
Fannkuch-redux,WASM,3135.39,208.524,Large
Fannkuch-redux,WASM,3143.959,209.4,Large
Fannkuch-redux,WASM,3158.096,210.453,Large
Fannkuch-redux,WASM,3155.804,210.18,Large
Fannkuch-redux,WASM,3149.236,209.425,Large
Fannkuch-redux,WASM,3154.639,209.047,Large
Fannkuch-redux,WASM,3154.046,209.722,Large
Fannkuch-redux,WASM,3143.785,208.804,Large
Fannkuch-redux,WASM,3141.163,208.337,Large
Fannkuch-redux,WASM,3155.804,208.874,Large
Fannkuch-redux,WASM,3146.539,210.468,Large
Fannkuch-redux,JS,3123.345,207.611,Large
Fannkuch-redux,JS,3148.454,209.566,Large
Fannkuch-redux,JS,3108.653,207.601,Large
Fannkuch-redux,JS,3103.825,206.376,Large
Fannkuch-redux,JS,3096.671,207.473,Large
Fannkuch-redux,JS,3104.171,208.438,Large
Fannkuch-redux,JS,3126.535,208.168,Large
Fannkuch-redux,JS,3117.7,207.416,Large
Fannkuch-redux,JS,3108.842,206.61,Large
Fannkuch-redux,JS,3113.572,207.586,Large
Fannkuch-redux,JS,3119.406,207.166,Large
Fannkuch-redux,JS,3125.586,208.427,Large
Fannkuch-redux,JS,3118.619,207.585,Large
Fannkuch-redux,JS,3123.507,208.089,Large
Fannkuch-redux,JS,3108.044,208.084,Large
Fannkuch-redux,JS,3119.482,207.589,Large
Fannkuch-redux,JS,3115.705,207.465,Large
Fannkuch-redux,JS,3124.956,208.894,Large
Fannkuch-redux,JS,3120.189,208.52,Large
Fannkuch-redux,JS,3122.508,208.276,Large
